[
	{
		"phone": "01088824907",
		"name": "송선우",
		"price": "50000",
		"timeRequest": "1645360040435",
		"timeUse": "5",
		"status": "결제요청",
		"timeExpired": 1646224045978,
		"timeStart": null,
		"timeEnd": null,
		"idx": 0
	},
	{
		"phone": "01088824901",
		"name": "송선우1",
		"price": "30000",
		"timeRequest": "1645360827874",
		"timeUse": "3",
		"status": "결제요청",
		"timeExpired": 1646224827747,
		"timeStart": null,
		"timeEnd": null,
		"idx": 1
	},
	{
		"phone": "01088824902",
		"name": "송선우2",
		"price": "100000",
		"timeRequest": "1645360832468",
		"timeUse": "10",
		"status": "결제요청",
		"timeExpired": 1646224832338,
		"timeStart": null,
		"timeEnd": null,
		"idx": 2
	},
	{
		"phone": "01088824903",
		"name": "송선우3",
		"price": "200000",
		"timeRequest": "1645360837520",
		"timeUse": "20",
		"status": "결제요청",
		"timeExpired": 1646224838524,
		"timeStart": null,
		"timeEnd": null,
		"idx": 3
	},
	{
		"phone": "01088824904",
		"name": "송선우4",
		"price": "10000",
		"timeRequest": "1645360843575",
		"timeUse": "1",
		"status": "결제요청",
		"timeExpired": 1646224843445,
		"timeStart": null,
		"timeEnd": null,
		"idx": 4
	}
]